[
  {
    "id": "d0209468-2883-4336-8a0a-16dcd5252df8",
    "data": [
      {
        "text": "This is my final order",
        "userDefined": false
      }
    ],
    "isTemplate": false,
    "count": 0,
    "lang": "en",
    "updated": 0
  },
  {
    "id": "a06eefae-c0b0-449d-b478-38d9c9b26b24",
    "data": [
      {
        "text": "Place an order",
        "userDefined": false
      }
    ],
    "isTemplate": false,
    "count": 0,
    "lang": "en",
    "updated": 0
  },
  {
    "id": "5c400668-b429-4acf-96cd-ce4492707f74",
    "data": [
      {
        "text": "No, Thank you, That\u0027s all",
        "userDefined": false
      }
    ],
    "isTemplate": false,
    "count": 0,
    "lang": "en",
    "updated": 0
  },
  {
    "id": "4a24b099-541a-4013-a2f3-bbef3949eb81",
    "data": [
      {
        "text": "Done",
        "userDefined": false
      }
    ],
    "isTemplate": false,
    "count": 0,
    "lang": "en",
    "updated": 0
  },
  {
    "id": "0c5567a8-642e-4f5a-83aa-89416dbaf645",
    "data": [
      {
        "text": "That\u0027s all i wanted to order",
        "userDefined": false
      }
    ],
    "isTemplate": false,
    "count": 0,
    "lang": "en",
    "updated": 0
  },
  {
    "id": "294fffcd-b00c-47d6-bd4e-1c1e964c6298",
    "data": [
      {
        "text": "That\u0027s it",
        "userDefined": false
      }
    ],
    "isTemplate": false,
    "count": 0,
    "lang": "en",
    "updated": 0
  },
  {
    "id": "99295d61-7507-4239-ac36-26445d1b3175",
    "data": [
      {
        "text": "Nope",
        "userDefined": false
      }
    ],
    "isTemplate": false,
    "count": 0,
    "lang": "en",
    "updated": 0
  },
  {
    "id": "8067251f-55cf-4d55-9354-10d608585e9e",
    "data": [
      {
        "text": "No",
        "userDefined": false
      }
    ],
    "isTemplate": false,
    "count": 0,
    "lang": "en",
    "updated": 0
  }
]