[
  {
    "id": "b4943f74-4e9e-4829-ae5f-9cf3a47eb122",
    "data": [
      {
        "text": "I\u0027d like to exclude ",
        "userDefined": false
      },
      {
        "text": "tacos",
        "meta": "@food-item",
        "alias": "food-item",
        "userDefined": false
      },
      {
        "text": " and ",
        "userDefined": false
      },
      {
        "text": "french fries",
        "meta": "@food-item",
        "alias": "food-item",
        "userDefined": false
      }
    ],
    "isTemplate": false,
    "count": 0,
    "lang": "en",
    "updated": 0
  },
  {
    "id": "33b97104-3309-4ee0-b466-c384ea1fc81c",
    "data": [
      {
        "text": "I no longer want the ",
        "userDefined": false
      },
      {
        "text": "hamburger",
        "meta": "@food-item",
        "alias": "food-item",
        "userDefined": false
      },
      {
        "text": ", please remove it.",
        "userDefined": false
      }
    ],
    "isTemplate": false,
    "count": 0,
    "lang": "en",
    "updated": 0
  },
  {
    "id": "3503b4d8-827e-4770-a981-8afa41d152de",
    "data": [
      {
        "text": "Remove ",
        "userDefined": false
      },
      {
        "text": "two",
        "meta": "@sys.number",
        "alias": "number",
        "userDefined": false
      },
      {
        "text": " ",
        "userDefined": false
      },
      {
        "text": "pizzas",
        "meta": "@food-item",
        "alias": "food-item",
        "userDefined": false
      },
      {
        "text": " from the order",
        "userDefined": false
      }
    ],
    "isTemplate": false,
    "count": 0,
    "lang": "en",
    "updated": 0
  },
  {
    "id": "88ccaf5d-b4bf-437b-a78b-bcb582f67e64",
    "data": [
      {
        "text": "delete ",
        "userDefined": false
      },
      {
        "text": "Sandwich",
        "meta": "@food-item",
        "alias": "food-item",
        "userDefined": false
      }
    ],
    "isTemplate": false,
    "count": 0,
    "lang": "en",
    "updated": 0
  },
  {
    "id": "e57d1f06-45eb-4c9d-9d3d-ebe587535bea",
    "data": [
      {
        "text": "Hey, plz get rid off ",
        "userDefined": false
      },
      {
        "text": "burger",
        "meta": "@food-item",
        "alias": "food-item",
        "userDefined": false
      },
      {
        "text": " and ",
        "userDefined": false
      },
      {
        "text": "Sandwich",
        "meta": "@food-item",
        "alias": "food-item",
        "userDefined": false
      }
    ],
    "isTemplate": false,
    "count": 0,
    "lang": "en",
    "updated": 0
  },
  {
    "id": "7ace0b5a-88c5-4180-8cf8-1882b89464ae",
    "data": [
      {
        "text": "remove ",
        "userDefined": false
      },
      {
        "text": "1",
        "meta": "@sys.number",
        "alias": "number",
        "userDefined": false
      },
      {
        "text": " ",
        "userDefined": false
      },
      {
        "text": "pizza",
        "meta": "@food-item",
        "alias": "food-item",
        "userDefined": false
      },
      {
        "text": " from the order",
        "userDefined": false
      }
    ],
    "isTemplate": false,
    "count": 0,
    "lang": "en",
    "updated": 0
  },
  {
    "id": "cbc86816-bd83-468e-ba53-6ec82459aabf",
    "data": [
      {
        "text": "Can you remove ",
        "userDefined": false
      },
      {
        "text": "tacos",
        "meta": "@food-item",
        "alias": "food-item",
        "userDefined": false
      }
    ],
    "isTemplate": false,
    "count": 0,
    "lang": "en",
    "updated": 0
  },
  {
    "id": "f81d6133-3249-435f-a2a8-df8ab9471920",
    "data": [
      {
        "text": "Kindly take off ",
        "userDefined": false
      },
      {
        "text": "salad",
        "meta": "@food-item",
        "alias": "food-item",
        "userDefined": false
      },
      {
        "text": " and ",
        "userDefined": false
      },
      {
        "text": "French fries",
        "meta": "@food-item",
        "alias": "food-item",
        "userDefined": false
      },
      {
        "text": " from my order",
        "userDefined": false
      }
    ],
    "isTemplate": false,
    "count": 0,
    "lang": "en",
    "updated": 0
  },
  {
    "id": "0a4c2692-e4f8-436d-88e8-6fceea30c532",
    "data": [
      {
        "text": "No ",
        "userDefined": false
      },
      {
        "text": "pizza",
        "meta": "@food-item",
        "alias": "food-item",
        "userDefined": false
      },
      {
        "text": " and ",
        "userDefined": false
      },
      {
        "text": "burger",
        "meta": "@food-item",
        "alias": "food-item",
        "userDefined": false
      },
      {
        "text": " in my order. Please remove",
        "userDefined": false
      }
    ],
    "isTemplate": false,
    "count": 0,
    "lang": "en",
    "updated": 0
  }
]