[
  {
    "id": "6b46cb73-1b39-4cc5-ab33-770675eb52ac",
    "data": [
      {
        "text": "Monitor the status of my order",
        "userDefined": false
      }
    ],
    "isTemplate": false,
    "count": 0,
    "lang": "en",
    "updated": 0
  },
  {
    "id": "8f569bf2-4d58-4cc4-83af-c851d75aa499",
    "data": [
      {
        "text": "Check the status of my order",
        "userDefined": false
      }
    ],
    "isTemplate": false,
    "count": 0,
    "lang": "en",
    "updated": 0
  },
  {
    "id": "0c3c3b51-9ff6-4590-a9fa-792313dd374d",
    "data": [
      {
        "text": "Track existing order",
        "userDefined": false
      }
    ],
    "isTemplate": false,
    "count": 0,
    "lang": "en",
    "updated": 0
  },
  {
    "id": "33bab526-9feb-4da6-ade1-7bfeda6a8cb6",
    "data": [
      {
        "text": "Track my order",
        "userDefined": false
      }
    ],
    "isTemplate": false,
    "count": 0,
    "lang": "en",
    "updated": 0
  },
  {
    "id": "b1f83d48-28ff-4e39-827e-2a29f86d73d9",
    "data": [
      {
        "text": "Track order",
        "userDefined": false
      }
    ],
    "isTemplate": false,
    "count": 0,
    "lang": "en",
    "updated": 0
  }
]